{
    "max_depth": 5,
    "learning_rate": 0.01787766885258865,
    "subsample": 0.5299836630926655,
    "colsample_bytree": 0.6176815072070047,
    "min_child_weight": 3,
    "alpha": 0.1839069500608018,
    "gamma": 1.3883574059853983
}